{
    "frames": {
        "BLUE_EXPLODIR_1.png": {
            "frame": {"x": 1, "y": 1, "w": 42, "h": 31},
            "rotated": false,
            "trimmed": true,
            "spriteSourceSize": {"x": 0, "y": 0, "w": 42, "h": 31},
            "sourceSize": {"w": 68, "h": 72}
        },
        "BLUE_EXPLODIR_2.png": {
            "frame": {"x": 1, "y": 34, "w": 42, "h": 31},
            "rotated": false,
            "trimmed": true,
            "spriteSourceSize": {"x": 0, "y": 0, "w": 42, "h": 31},
            "sourceSize": {"w": 68, "h": 72}
        },
        "BLUE_EXPLODIR_3.png": {
            "frame": {"x": 45, "y": 1, "w": 42, "h": 31},
            "rotated": false,
            "trimmed": true,
            "spriteSourceSize": {"x": 0, "y": 0, "w": 42, "h": 31},
            "sourceSize": {"w": 68, "h": 72}
        },
        "BLUE_EXPLODIR_4.png": {
            "frame": {"x": 45, "y": 34, "w": 42, "h": 31},
            "rotated": false,
            "trimmed": true,
            "spriteSourceSize": {"x": 0, "y": 0, "w": 42, "h": 31},
            "sourceSize": {"w": 68, "h": 72}
        },
        "blue.png": {
            "frame": {"x": 1, "y": 67, "w": 42, "h": 34},
            "rotated": false,
            "trimmed": true,
            "spriteSourceSize": {"x": 0, "y": 0, "w": 42, "h": 34},
            "sourceSize": {"w": 68, "h": 72}
        }
    },
    "meta": {
        "app": "http://www.codeandweb.com/texturepacker",
        "version": "1.0",
        "image": "spritesheet.png",
        "format": "RGBA8888",
        "size": {"w": 88, "h": 102},
        "scale": "1"
    }
}
