{"frames": {

"bullet.png":
{
	"frame": {"x":1,"y":1,"w":14,"h":18},
	"rotated": false,
	"trimmed": true,
	"spriteSourceSize": {"x":24,"y":9,"w":14,"h":18},
	"sourceSize": {"w":62,"h":27}
}},
"meta": {
	"app": "https://www.codeandweb.com/texturepacker",
	"version": "1.0",
	"image": "bullet.png",
	"format": "RGBA8888",
	"size": {"w":16,"h":20},
	"scale": "1",
	"smartupdate": "$TexturePacker:SmartUpdate:3596b1a4d8b778d08e10a6f63ea0e1dc:28c94a94d6c79900624ce4898cb947a7:ce0aeb6b1dd09bd42d31ec6c01e81ef2$"
}
}
