{
    "frames": {
        "RED_EXPLODIR_1.png": {
            "frame": {"x": 1, "y": 1, "w": 42, "h": 31},
            "rotated": false,
            "trimmed": true,
            "spriteSourceSize": {"x": 3, "y": 3, "w": 42, "h": 31},
            "sourceSize": {"w": 68, "h": 72}
        },
        "RED_EXPLODIR_2.png": {
            "frame": {"x": 1, "y": 34, "w": 42, "h": 31},
            "rotated": false,
            "trimmed": true,
            "spriteSourceSize": {"x": 3, "y": 3, "w": 42, "h": 31},
            "sourceSize": {"w": 68, "h": 72}
        },
        "RED_EXPLODIR_3.png": {
            "frame": {"x": 45, "y": 1, "w": 42, "h": 31},
            "rotated": false,
            "trimmed": true,
            "spriteSourceSize": {"x": 3, "y": 3, "w": 42, "h": 31},
            "sourceSize": {"w": 68, "h": 72}
        },
        "RED_EXPLODIR_4.png": {
            "frame": {"x": 45, "y": 34, "w": 42, "h": 31},
            "rotated": false,
            "trimmed": true,
            "spriteSourceSize": {"x": 3, "y": 3, "w": 42, "h": 31},
            "sourceSize": {"w": 68, "h": 72}
        },
        "red.png": {
            "frame": {"x": 1, "y": 67, "w": 42, "h": 31},
            "rotated": false,
            "trimmed": true,
            "spriteSourceSize": {"x": 3, "y": 3, "w": 42, "h": 31},
            "sourceSize": {"w": 68, "h": 72}
        }
    },
    "meta": {
        "app": "http://www.codeandweb.com/texturepacker",
        "version": "1.0",
        "image": "red.png",
        "format": "RGBA8888",
        "size": {"w": 88, "h": 99},
        "scale": "1",
        "smartupdate": "$TexturePacker:SmartUpdate:6afef1a0c21398aeefc48b52015480ec:809a95fc8738e05af4d57380977a6861:f41f2d32a29f225b3218c7668f956770$"
    }
}