{"frames": {

"DISPARAR_1.png":
{
	"frame": {"x":1,"y":1,"w":62,"h":69},
	"rotated": false,
	"trimmed": true,
	"spriteSourceSize": {"x":3,"y":3,"w":62,"h":69},
	"sourceSize": {"w":68,"h":72}
},
"DISPARAR_2.png":
{
	"frame": {"x":1,"y":213,"w":62,"h":65},
	"rotated": false,
	"trimmed": true,
	"spriteSourceSize": {"x":3,"y":3,"w":62,"h":65},
	"sourceSize": {"w":68,"h":72}
},
"DISPARAR_3.png":
{
	"frame": {"x":1,"y":1,"w":62,"h":69},
	"rotated": false,
	"trimmed": true,
	"spriteSourceSize": {"x":3,"y":3,"w":62,"h":69},
	"sourceSize": {"w":68,"h":72}
},
"EXPLODIR_1.png":
{
	"frame": {"x":1,"y":347,"w":68,"h":60},
	"rotated": true,
	"trimmed": true,
	"spriteSourceSize": {"x":0,"y":7,"w":68,"h":60},
	"sourceSize": {"w":68,"h":72}
},
"EXPLODIR_2.png":
{
	"frame": {"x":1,"y":417,"w":68,"h":60},
	"rotated": true,
	"trimmed": true,
	"spriteSourceSize": {"x":0,"y":7,"w":68,"h":60},
	"sourceSize": {"w":68,"h":72}
},
"EXPLODIR_3.png":
{
	"frame": {"x":1,"y":487,"w":68,"h":60},
	"rotated": true,
	"trimmed": true,
	"spriteSourceSize": {"x":0,"y":7,"w":68,"h":60},
	"sourceSize": {"w":68,"h":72}
},
"MOVER_1.png":
{
	"frame": {"x":1,"y":72,"w":62,"h":69},
	"rotated": false,
	"trimmed": true,
	"spriteSourceSize": {"x":3,"y":3,"w":62,"h":69},
	"sourceSize": {"w":68,"h":72}
},
"MOVER_2.png":
{
	"frame": {"x":1,"y":143,"w":62,"h":68},
	"rotated": false,
	"trimmed": true,
	"spriteSourceSize": {"x":3,"y":3,"w":62,"h":68},
	"sourceSize": {"w":68,"h":72}
},
"MOVER_3.png":
{
	"frame": {"x":1,"y":72,"w":62,"h":69},
	"rotated": false,
	"trimmed": true,
	"spriteSourceSize": {"x":3,"y":3,"w":62,"h":69},
	"sourceSize": {"w":68,"h":72}
},
"PARADO_1.png":
{
	"frame": {"x":1,"y":280,"w":62,"h":65},
	"rotated": false,
	"trimmed": true,
	"spriteSourceSize": {"x":3,"y":3,"w":62,"h":65},
	"sourceSize": {"w":68,"h":72}
},
"PARADO_2.png":
{
	"frame": {"x":1,"y":143,"w":62,"h":68},
	"rotated": false,
	"trimmed": true,
	"spriteSourceSize": {"x":3,"y":3,"w":62,"h":68},
	"sourceSize": {"w":68,"h":72}
},
"PARADO_3.png":
{
	"frame": {"x":1,"y":72,"w":62,"h":69},
	"rotated": false,
	"trimmed": true,
	"spriteSourceSize": {"x":3,"y":3,"w":62,"h":69},
	"sourceSize": {"w":68,"h":72}
}},
"meta": {
	"app": "https://www.codeandweb.com/texturepacker",
	"version": "1.0",
	"image": "ship.png",
	"format": "RGBA8888",
	"size": {"w":64,"h":556},
	"scale": "1",
	"smartupdate": "$TexturePacker:SmartUpdate:e2bb5e35b355bb0c30032d2bb0bfbce8:66a2e0eced7a1199bb57f0d2159f059a:25d6acd8d4906c9ff490804d476da0a8$"
}
}
